{"cameraMode":{"drawMode":0,"name":"Shaded","section":"Shading Mode"},"sceneLighting":true,"audioPlay":false,"sceneViewState":{"showFog":true,"showMaterialUpdate":false,"showSkybox":true,"showFlares":true,"showImageEffects":true,"showParticleSystems":true},"in2DMode":false,"pivot":{"x":290.83697509765627,"y":439.7898864746094,"z":-10.033909797668457},"rotation":{"x":-0.3386768698692322,"y":0.6152209639549255,"z":-0.33045077323913576,"w":-0.6305581331253052},"size":27.780792236328126,"orthographic":true}