{"cameraMode":{"drawMode":0,"name":"Shaded","section":"Shading Mode"},"sceneLighting":true,"audioPlay":false,"sceneViewState":{"m_AlwaysRefresh":false,"showFog":true,"showSkybox":true,"showFlares":true,"showImageEffects":true,"showParticleSystems":true,"showVisualEffectGraphs":true,"m_FxEnabled":true},"in2DMode":false,"pivot":{"x":90.99165344238281,"y":413.0207824707031,"z":14.085211753845215},"rotation":{"x":-0.44235098361968996,"y":0.5513429641723633,"z":-0.44077053666114809,"w":-0.5533381700515747},"size":23.775575637817384,"orthographic":true}